{"cameraMode":{"drawMode":0,"name":"Shaded","section":"Shading Mode"},"sceneLighting":false,"audioPlay":false,"sceneViewState":{"showFog":true,"showMaterialUpdate":false,"showSkybox":true,"showFlares":true,"showImageEffects":true,"showParticleSystems":true},"in2DMode":false,"pivot":{"x":-0.18387511372566224,"y":0.5291128158569336,"z":0.2121420055627823},"rotation":{"x":0.527847945690155,"y":-0.020060809329152108,"z":-0.012631885707378388,"w":-0.849105179309845},"size":0.3434632122516632,"orthographic":false}