{"cameraMode":{"drawMode":0,"name":"Shaded","section":"Shading Mode"},"sceneLighting":false,"audioPlay":false,"sceneViewState":{"showFog":true,"showMaterialUpdate":false,"showSkybox":true,"showFlares":true,"showImageEffects":true,"showParticleSystems":true},"in2DMode":false,"pivot":{"x":-0.18990464508533479,"y":-0.01520448923110962,"z":-0.08959846198558808},"rotation":{"x":0.6527408957481384,"y":0.03775133192539215,"z":0.03244344890117645,"w":-0.7560513615608215},"size":0.03922147676348686,"orthographic":false}