{"cameraMode":{"drawMode":0,"name":"Shaded","section":"Shading Mode"},"sceneLighting":true,"audioPlay":false,"sceneViewState":{"showFog":true,"showMaterialUpdate":false,"showSkybox":true,"showFlares":true,"showImageEffects":true,"showParticleSystems":true},"in2DMode":false,"pivot":{"x":799.4356079101563,"y":200.1131591796875,"z":-83.546875},"rotation":{"x":0.06022919714450836,"y":-0.038609351962804797,"z":0.0023446884006261827,"w":0.9974613785743713},"size":285.3814392089844,"orthographic":false}